{
  "model_name": "deepseek-v4-pro",
  "total_tasks": 20,
  "successful_tasks": 20,
  "success_rate": 1.0,
  "avg_quality_score": 0.85,
  "std_quality_score": 0.3570714214271425,
  "min_quality_score": 0.0,
  "max_quality_score": 1.0,
  "avg_tool_calls": 2.15,
  "std_tool_calls": 2.372235232855292,
  "total_tool_calls": 43,
  "total_cost": 0.10556319,
  "avg_cost": 0.005278159500000001,
  "avg_execution_time": 236.76984841823577,
  "total_execution_time": 4735.396968364716
}